"id","title"
"166291","Solarus"
"20899","BEARD"
"11898","Liquid"
"29019","Sauerbraten"
"19199","Serious Engine"
"15868","SCUMM"
"18041","EAGL"
"176249","Vampire"
"9729","Gamebryo"
"18427","Neon"
"162099","Gex Engine"
"73385","Kyra"
"23823","Virtools"
"177742","Torque 2D"
"32673","Phoenix"
"160979","KRASS Engine"
"177749","Torque X"
"32821","Ignite"
"155022","Descent"
"142573","PINA"
"24471","HeroEngine"
"13582","Real Virtuality"
"20117","LithTech"
"139105","Inform"
"9183","Buddha"
"4811","MonoGame"
"30627","SilverWare"
"140408","Dragon Engine"
"24470","Lycium"
"88930","Meng"
"122923","Mohawk Engine"
"35733","Nitrous"
"177839","Phoenix VR"
"21703","Pyrogenesis"
"16036","AGI"
"17123","Unreal Engine 4"
"64722","TyranoBuilder"
"162683","Asobo Conception Engine"
"13610","Frostbite 3"
"142754","S2Engine"
"171204","S3D"
"10117","Lithtech Jupiter EX"
"124874","D.U.N.E."
"7470","GameMaker"
"76732","V-Cruise"
"60183","Gold Box"
"29192","Replay Engine"
"64719","System4"
"166099","CRAB"
"27482","Retaliator"
"14589","Wintermute"
"15973","Blazing Renderer"
"139777","INSTEAD"
"31872","Raven engine"
"11506","Torque 3D"
"10349","RenderWare"
"158980","Swarm Engine"
"24368","AtmosFear"
"163667","Irrlicht Engine"
"171391","Open 3D Engine"
"79486","Scimitar"
"9908","Telltale Tool"
"32033","ScummVM"
"126717","CloakNT"
"57243","LyN"
"91662","Ubisoft OpenSpace"
"9710","Unreal Engine 1"
"24845","Chameleon"
"35370","ShiVa Engine"
"14495","Creation Engine"
"32616","Abyss Engine"
"76787","Phoenix3D"
"13607","Dunia 2"
"179894","SRPG Studio"
"96","Source"
"177177","Star Engine"
"26092","ROMU Engine"
"20298","SAGE"
"182933","ASKA"
"20803","Voxlap"
"163212","Big Huge Engine"
"20299","SAGE 2.0"
"18158","Disrupt"
"29015","Enforce"
"24454","Angel Game Engine"
"13611","Frostbite 1.5"
"90870","Blitz3D"
"24087","Avalanche Engine"
"126543","Impact"
"25492","Octane"
"146356","SGEngine"
"87633","WOLF RPG Editor"
"178345","OpenGOAL"
"134070","GEM 2"
"27483","3Dream"
"25636","With the Love Engine"
"185572","Arcade Archives"
"178299","Creation Engine 2"
"24468","Odyssey"
"183997","Creator"
"97661","The Sims 2 Engine"
"152412","Gamebryo (TES Engine)"
"24061","Titan"
"22675","Mercury Engine"
"11436","Iron Engine"
"15970","Virtual Theatre"
"170517","GameZ"
"55642","Gob"
"172828","A2M"
"146354","Gepard"
"162935","Photex2"
"133878","Kt Engine"
"182194","Electron"
"10990","Glacier"
"24427","Rockstar Leeds 3D Engine"
"9717","CryEngine 2"
"89837","AMP"
"60156","Fledge"
"9793","Id Tech 5"
"180530","MTropolis"
"10514","Evolution"
"32624","MassTech"
"16765","FNA"
"52131","ZIL"
"79527","Vicious Engine"
"23967","Vostok Engine"
"89188","Underworld engine"
"9923","Clausewitz"
"120464","Twilight 2"
"26788","Ptero Engine"
"15373","Avalanche Engine 2.0"
"75367","Merkury"
"170854","Nebula Device"
"122991","Bright Light Halogen"
"14476","OGRE"
"146933","Clever's Engine"
"15540","Europa"
"137631","AGOS"
"9794","Quake engine"
"147173","SAGA"
"139936","Z-vision"
"20319","Crystal Tools"
"26858","KiriKiri"
"164707","Leviathan"
"9721","XNA"
"70546","Ptero Engine III"
"159231","Argon"
"20056","Cube"
"23994","IRISZOOM"
"9879","Atrophy"
"9711","Unreal Engine 2.5"
"177527","Fusion Engine"
"147262","ADL"
"15874","Jade"
"35469","FPS Creator"
"24575","Forgelight Engine"
"173878","Behaviour"
"73750","STEM Engine"
"16100","X-Ray Engine"
"106287","Id Tech 7"
"29781","Genesis3D"
"124942","Construct 3"
"17141","Moai"
"24467","Aurora"
"129531","Dark Side"
"69782","Retro Engine"
"167725","Cryptic Engine"
"186207","Apocalypse"
"184173","Pico-8"
"56704","Northlight"
"142661","Maniaplanet"
"129150","Voxel Space 32"
"18171","XnGine"
"9707","Unreal Engine 3"
"147594","M4"
"35999","TheEngine"
"185385","Unreal Engine 5.1"
"19633","LS3D"
"174961","Storm"
"152324","Eclipse (Arktos)"
"16044","Genie"
"162507","Orontes Engine"
"134071","GEM 3"
"101441","Invictus Engine"
"10675","Autodesk Stingray Engine"
"166046","HGE"
"172841","ShiVa"
"20658","CryEngine (4th generation)"
"151673","Decima"
"23347","Jedi"
"173860","TOSHI"
"67409","Twine"
"18450","BANG!"
"97410","Apex Engine"
"134158","ResidualVM"
"64360","SiglusEngine"
"25009","GameBaker"
"35922","Halo Engine"
"10019","Diesel"
"10450","Adventure Game Studio"
"10735","Road Hog Engine"
"18426","EGO"
"35387","JMonkeyEngine"
"88332","GODS"
"110880","Cocos2d"
"147544","MacVenture"
"178069","Messiah Game Engine"
"166024","PLIB"
"97665","The Sims 3 Engine"
"88526","Amazon Lumberyard"
"13911","Infernal Engine"
"127151","GameGuro"
"140482","SLUDGE"
"10744","RAGE"
"18449","LORE"
"147587","MADS"
"13040","Flash"
"137630","MADE"
"9712","Unreal Engine 2"
"31956","Quest3D"
"174049","OpenBOR"
"169494","Naninovel"
"75878","Freescape"
"28846","PlayGround SDK"
"138389","Slipspace Engine"
"29304","EAGL 4"
"175349","Heaps"
"174335","Zouna"
"10886","PhyreEngine"
"176969","Phoenix Engine"
"24800","Slayer"
"139810","TADS"
"162196","Turbulenz Engine"
"111870","ForzaTech"
"129134","Opalium"
"35970","CPAL3D"
"129152","Black Hawk Engine"
"167533","X3D"
"31809","QuakeWorld"
"13612","Frostbite 2"
"9718","CryEngine 3"
"137632","Groovie"
"102063","Hugo"
"36311","Kex Engine"
"17874","LWJGL"
"22451","Prism3D"
"165940","Halley"
"120386","Firebird Engine"
"25227","Refractor"
"9789","Id Tech 3"
"120581","OEngine"
"23799","MAX-FX"
"171404","The Forge"
"101481","VRAGE"
"9624","Geo-Mod"
"29738","Z-Engine"
"11680","Dark Engine"
"161463","Sega NN Graphics Library"
"177748","Torque Game Engine Advanced"
"64699","CatSystem2"
"174464","Tiger Engine"
"13606","Dunia"
"29335","Ice-Peak Engine"
"4908","GoldSrc"
"81917","Luminous Engine"
"23814","Emmersion"
"23816","Esenthel"
"166714","NTT"
"23790","CTG"
"61400","World Builder"
"140453","Ronin"
"129151","Voxel Space"
"13603","AnvilNext"
"81291","TED engine"
"160399","Unreal Engine 5"
"160120","MAGES. Engine"
"21242","ZenGin"
"179889","Siege Engine"
"176909","Lux Engine"
"9788","Id Tech 2"
"176971","ENIGMA"
"18042","EAGL 2"
"9716","CryEngine"
"186060","3D Landscape Engine"
"23917","Riot Engine"
"74006","Vicarious Visions Alchemy"
"127095","Spark Casual Engine"
"24815","Bluepoint Engine"
"35518","GlassBox"
"177746","Torque Game Engine"
"28721","A.L.I.V.E."
"29075","HPL Engine"
"106493","Insanity 3D"
"177698","Enfusion"
"24698","Dawn Engine"
"97587","Silent Storm Engine"
"10123","Asura"
"53735","3DMark Vantage"
"137904","NW.js"
"24464","Infinity"
"167885","Ubisoft Anvil"
"158320","Abuse Engine"
"76638","Nocturne"
"18811","Ren'Py"
"35987","GlyphX"
"90680","LÃ–VE"
"176203","Impact 2"
"87850","Forge"
"17652","4A Engine"
"24037","CANVAS"
"11283","MT Framework"
"34074","Omen Engine"
"23788","REDengine"
"16145","Shark 3D"
"97663","SmartSim"
"152377","Frozenbyte Engine"
"20863","RPG Maker"
"64380","True 3D"
"30794","Construct 2"
"9795","Wolfenstein 3D engine"
"177849","Bgfx"
"159162","Gamestudio"
"173786","Visceral Engine"
"179931","Dark Alliance Engine"
"172724","Bombshell"
"64357","RealLive"
"15686","UbiArt Framework"
"30779","GrimE"
"35451","CryEngine V"
"134069","GEM"
"62444","Saber3D Engine"
"53279","Void Engine"
"20300","Westwood 3D"
"134218","IsiMotor2"
"128955","MechWarrior 2"
"13041","Adobe AIR"
"175335","Hypno"
"177028","Java"
"111862","Cathode"
"61284","Sumo Engine"
"137629","Macromedia Director"
"64698","KiriKiri Z"
"25101","Madness Engine"
"106265","The Sims Engine"
"12380","Pain Engine"
"16090","Zero"
"26787","Ptero Engine II"
"26457","Titanium"
"165424","Nu2"
"16039","Vision"
"29008","Hedgehog Engine"
"23794","Glacier 2"
"27307","Eclipse Engine"
"55423","Onyx"
"140360","BlitzTech"
"179410","Toylo Engine"
"176074","Legend"
"15410","Build"
"9790","Id Tech 4"
"147473","Magic Composer"
"30542","EngineBlack"
"176007","ICB"
"39982","Snowdrop"
"35475","Cobra"
"120620","Goliath Engine"
"147491","IC"
"35923","Marathon Engine"
"186035","Papy3D"
"21330","YETI"
"31108","Alamo Game Engine"
"179449","Engine Six"
"146805","Insomniac Engine"
"180519","Magic Carpet"
"129076","OROCHI 4"
"58602","Godot"
"131578","LibGDX"
"17373","Silk"
"31630","SFML"
"147244","TsAGE"
"171158","Starbreeze Engine"
"177381","AGDS"
"25721","Id Tech 6"
"15861","Visionaire"
"185473","Adrenium Engine"
"139839","ChoiceScript"
"19634","Illusion Engine"
"20031","Clickteam Fusion"
"14928","Id Tech 1"
"28786","Odin"
"107320","MegaEx"
"15347","PopCap Games Framework"
"173240","Treyarch NGL"
"35372","Stencyl"
"28935","Lithtech Jupiter"
"80778","Beelzebub"
"178698","NAGI"
"17967","Essence Engine"
"64361","AVG32"
"180742","Naughty Dog Game Engine"
"24469","Eclipse"
"12985","Chrome Engine"
"97189","RE Engine"
"23394","Warscape"
"170667","Stride"
"61937","NeoAxis"
"18040","EAGL 3"
"56539","WF Engine"
"147529","Access"
"145876","Vicious Engine 2"
"137627","Sunshine Engine"
"126983","Fallout Engine"
"13605","Anvil"
"183928","Geo-Mod 2.0"
"74789","Evolution (Extreme FX)"
"28612","Avalanche Engine 3.0"
"9501","Unity"
"19906","OpenFL"
"147554","Illusions"
"23943","AGen"
"32145","Marmalade"
"23957","Source 2"
"29115","Unigine"
"32392","Enigma Engine"
"94893","DS2 Engine"
"147835","EngineX"
"13613","Refractor 2"
"32475","SCI"
"21827","IW engine"
"170955","Game Play Ground"
"29514","Mkxp"
"124938","Construct Classic"
"162937","Photex"
"32166","Traktor"
"19123","Fox Engine"
"147199","DGDS"
"13571","Crystal Engine"
"23348","Sith"
"22562","Platinum Engine"
"24056","Pure3D"
